Search,Cost,Clicks,Impressions,Conversions
drain cleaning near me,$0.00,0,4,0.00
unclogging a toilet,$0.00,0,3,0.00
air conditioner drain line backed up,$0.00,0,2,0.00
bathroom sink drains slow,$0.00,0,2,0.00
bathtub clogged up,$0.00,0,2,0.00
can you pour hot water down a toilet to unclog it,$0.00,0,2,0.00
clogged toilet with poop,$0.00,0,2,0.00
clogged tub,$0.00,0,2,0.00
drain weasel,$0.00,0,2,0.00
kitchen sink clogged,$10.18,1,2,0.00
severely clogged toilet,$0.00,0,2,0.00
unclog bathroom sink,$0.00,0,2,0.00
basement water drain backing up,$0.00,0,1,0.00
bathroom sink drain slow,$0.00,0,1,0.00
both toilets clogged,$0.00,0,1,0.00
clean clogged toilet,$0.00,0,1,0.00
clean out ac drain,$0.00,0,1,0.00
clean tub drain,$0.00,0,1,0.00
cleaning bathroom sink drain,$0.00,0,1,0.00
cleaning clogged bathroom sink,$0.00,0,1,0.00
cleaning condensate line,$0.00,0,1,0.00
cleaning hair out of shower drain,$0.00,0,1,0.00
cleaning kitchen sink drain,$0.00,0,1,0.00
clog past the p trap,$0.00,0,1,0.00
clog toilets,$0.00,0,1,0.00
clogged bathtub,$0.00,0,1,0.00
clogged condensate drain line,$0.00,0,1,0.00
clogged drain,$13.64,1,1,0.00
clogged french drain,$0.00,0,1,0.00
clogged kitchen sink,$0.00,0,1,0.00
clogged leach field,$0.00,0,1,0.00
clogged roof vent,$0.00,0,1,0.00
cloghog,$0.00,0,1,0.00
dawn to unclog toilet,$0.00,0,1,0.00
dishwasher not draining,$0.00,0,1,0.00
does pouring hot water down a sink unclog it,$0.00,0,1,0.00
dr drain plumbing,$0.00,0,1,0.00
drain and pipe unblocker,$0.00,0,1,0.00
drain cleaning hammonton nj,$0.00,0,1,0.00
drain clearing millville,$0.00,0,1,0.00
drain dr plumbing,$0.00,0,1,0.00
draining bathtub,$0.00,0,1,0.00
drains back up when it rains,$8.60,1,1,0.00
easiest way to unclog bathroom sink,$0.00,0,1,0.00
easy way to unclog a toilet,$0.00,0,1,0.00
french drain clean,$0.00,0,1,0.00
grease clogged drain,$0.00,0,1,0.00
insinkerator badger clogged,$0.00,0,1,0.00
insinkerator not draining water,$0.00,0,1,0.00
just drains,$0.00,0,1,0.00
kitchen sink clogged tried everything,$0.00,0,1,0.00
kitchen sink is clogged but pipes are clear,$0.00,0,1,0.00
kitchen sink is draining slow,$0.00,0,1,0.00
kitchen sink keeps backing up,$0.00,0,1,0.00
my toilet keeps clogging,$0.00,0,1,0.00
pipe shield one shot,$0.00,0,1,0.00
remedies for unclogging a toilet,$0.00,0,1,0.00
rooter rental,$0.00,0,1,0.00
roto rooter near me,$0.00,0,1,0.00
sewer line clogged,$0.00,0,1,0.00
shower drain hair remover,$0.00,0,1,0.00
sink clogged bathroom,$0.00,0,1,0.00
sink drain clogged,$16.82,1,1,0.00
sink drain scrubber,$0.00,0,1,0.00
sink with garbage disposal not draining,$0.00,0,1,0.00
skimmer drain clogged,$0.00,0,1,0.00
slow sink drain,$0.00,0,1,0.00
unclog kitchen drain,$9.99,1,1,0.00
unclog kitchen sink,$0.00,0,1,0.00
unclog shower drain,$0.00,0,1,0.00
unclog toilet with poop still in it,$0.00,0,1,0.00
unclogging a toilet with dawn,$0.00,0,1,0.00
unclogging shower drain,$0.00,0,1,0.00
